,date,departure_delay,arrival_delay,open,high,low,close,volume,state,city,success,suicide
0,2015-01-01,9.61,5.35,,,,,,,,,
1,2015-01-02,12.65,9.84,82.8,83.43,81.65,82.49,1477334403.0,,,,
2,2015-01-03,25.17,25.46,,,,,,,,,
3,2015-01-04,31.57,31.98,,,,,,,,,
4,2015-01-05,21.12,18.81,82.06,82.53,80.57,81.05,2180602024.0,,,,
5,2015-01-06,22.49,21.3,81.19,81.82,79.57,80.28,2579398620.0,Colorado,Colorado Springs,1.0,0.0
6,2015-01-07,14.52,11.96,80.92,81.92,80.19,81.34,2139799130.0,,,,
7,2015-01-08,16.4,13.32,81.91,83.13,81.44,82.67,2241965877.0,,,,
8,2015-01-09,15.37,12.26,82.76,83.15,81.51,82.03,1838031371.0,,,,
9,2015-01-10,8.2,1.92,,,,,,,,,
10,2015-01-11,13.63,10.19,,,,,,,,,
11,2015-01-12,19.57,18.56,82.11,82.47,80.78,81.41,1943919705.0,,,,
12,2015-01-13,6.63,3.16,82.03,82.98,80.48,81.26,2324653664.0,,,,
13,2015-01-14,4.29,-0.82,80.39,81.43,79.64,80.9,2550459383.0,,,,
14,2015-01-15,6.42,1.65,81.2,81.74,79.82,80.19,2444082269.0,,,,
15,2015-01-16,5.74,0.92,80.08,81.5,79.63,81.3,2523561510.0,,,,
16,2015-01-17,2.16,-5.28,,,,,,,,,
17,2015-01-18,5.65,-0.31,,,,,,,,,
18,2015-01-19,3.86,-2.2,,,,,,,,,
19,2015-01-20,2.92,-2.18,81.59,82.17,80.34,81.39,2354356326.0,,,,
20,2015-01-21,5.37,2.29,81.23,82.41,80.74,81.89,2212981053.0,,,,
21,2015-01-22,4.48,-0.06,82.25,83.47,81.34,83.1,2531188162.0,,,,
22,2015-01-23,3.98,-0.17,83.01,83.72,82.24,82.78,2030529494.0,,,,
23,2015-01-24,3.85,-0.68,,,,,,,,,
24,2015-01-25,4.44,-0.64,,,,,,,,,
25,2015-01-26,5.61,2.08,82.68,83.54,81.97,83.17,1989552562.0,,,,
26,2015-01-27,-0.16,-6.71,82.32,83.19,81.59,82.36,2282249295.0,,,,
27,2015-01-28,1.69,-4.75,82.82,83.37,81.11,81.3,2541845555.0,,,,
28,2015-01-29,3.84,-0.83,81.36,82.42,80.37,82.03,2449881973.0,,,,
29,2015-01-30,10.1,6.49,81.6,82.63,80.52,81.1,2885178340.0,,,,
30,2015-01-31,3.52,-3.23,,,,,,,,,
31,2015-02-01,13.89,10.03,,,,,,,,,
32,2015-02-02,19.54,17.54,81.3,82.22,80.0,81.86,2427812968.0,,,,
33,2015-02-03,11.39,8.47,82.2,83.35,81.51,83.0,2529833768.0,,,,
34,2015-02-04,10.14,7.89,82.52,83.49,81.69,82.5,2537781287.0,,,,
35,2015-02-05,14.66,12.49,82.79,83.87,82.17,83.33,2182865713.0,,,,
36,2015-02-06,6.71,0.59,83.43,84.12,82.22,82.85,2380590284.0,,,,
37,2015-02-07,1.98,-6.26,,,,,,,,,
38,2015-02-08,8.58,2.91,,,,,,,,,
39,2015-02-09,9.18,5.13,82.57,83.28,81.83,82.39,1917160531.0,,,,
40,2015-02-10,3.23,-2.15,82.86,83.72,82.11,83.34,2096131229.0,North Carolina,Chapel Hill,1.0,0.0
41,2015-02-11,2.51,-2.8,83.22,83.97,82.53,83.3,2009928482.0,,,,
42,2015-02-12,6.98,2.08,83.66,84.55,83.07,84.12,2210644117.0,,,,
43,2015-02-13,8.25,3.41,84.16,84.93,83.53,84.46,1986622400.0,,,,
44,2015-02-14,9.28,5.35,,,,,,,,,
45,2015-02-15,11.03,7.63,,,,,,,,,
46,2015-02-16,19.86,18.62,,,,,,,,,
47,2015-02-17,18.77,16.64,84.33,85.12,83.74,84.56,1973345068.0,Florida,Melbourne,1.0,0.0
48,2015-02-18,10.4,7.1,84.37,85.2,83.82,84.74,1844225762.0,Michigan,Kalamazoo,1.0,0.0
49,2015-02-19,11.6,7.89,84.72,85.61,84.09,84.96,1834258054.0,,,,
50,2015-02-20,12.69,9.08,84.87,85.83,84.18,85.53,2014963447.0,,,,
51,2015-02-21,13.83,12.79,,,,,,,,,
52,2015-02-22,19.69,17.33,,,,,,,,,
53,2015-02-23,13.93,10.11,85.43,86.06,84.79,85.52,1761194847.0,Ohio,Kent,1.0,0.0
54,2015-02-24,15.45,11.14,85.45,86.14,84.8,85.57,1883585080.0,,,,
55,2015-02-25,11.3,9.31,85.55,86.38,84.94,85.68,1874751232.0,,,,
56,2015-02-26,21.2,20.14,85.63,86.27,84.83,85.49,2051231632.0,,,,
57,2015-02-27,14.0,11.81,85.53,86.07,84.81,85.23,2014650790.0,,,,
58,2015-02-28,12.8,8.69,,,,,,,,,
59,2015-03-01,25.7,25.9,,,,,,,,,
60,2015-03-02,20.68,17.59,85.26,86.34,84.78,85.9,1911663528.0,,,,
61,2015-03-03,19.52,20.32,85.71,86.22,84.8,85.53,1804481321.0,,,,
62,2015-03-04,12.09,8.97,85.22,85.74,84.35,85.08,1868239786.0,,,,
63,2015-03-05,20.88,18.82,85.26,85.96,84.72,85.44,1704547326.0,,,,
64,2015-03-06,17.23,12.34,84.96,85.53,83.78,84.16,2324090614.0,,,,
65,2015-03-07,7.47,1.18,,,,,,,,,
66,2015-03-08,7.95,2.73,,,,,,,,,
67,2015-03-09,7.52,1.5,84.36,85.12,83.88,84.64,1824773590.0,Nevada,Reno,1.0,0.0
68,2015-03-10,5.61,0.19,83.95,84.43,83.06,83.34,2162715364.0,,,,
69,2015-03-11,6.48,1.61,83.46,84.11,82.82,83.34,1991037146.0,,,,
70,2015-03-12,6.98,2.59,83.73,84.84,83.34,84.47,2098101005.0,,,,
71,2015-03-13,6.53,1.8,84.29,84.84,83.21,83.99,1989802665.0,,,,
72,2015-03-14,7.34,1.59,,,,,,,,,
73,2015-03-15,8.83,2.99,,,,,,,,,
74,2015-03-16,3.57,-4.33,84.38,85.57,84.03,85.22,1842551007.0,,,,
75,2015-03-17,6.05,0.14,84.82,85.48,84.25,84.98,1892293639.0,,,,
76,2015-03-18,5.73,-0.16,84.79,86.48,84.05,86.02,2479344652.0,,,,
77,2015-03-19,4.75,-0.28,85.85,86.49,85.13,85.82,1942919597.0,,,,
78,2015-03-20,12.41,9.72,86.34,87.27,85.74,86.66,3389516176.0,Louisiana,New Orleans,1.0,0.0
79,2015-03-21,8.01,2.68,,,,,,,,,
80,2015-03-22,6.52,2.13,,,,,,,,,
81,2015-03-23,20.46,16.25,86.44,87.14,85.81,86.24,1825866548.0,,,,
82,2015-03-24,4.92,-0.75,86.17,86.79,85.46,85.79,1810415443.0,,,,
83,2015-03-25,7.98,4.0,85.93,86.36,84.28,84.45,2161555068.0,,,,
84,2015-03-26,11.37,8.53,84.14,84.99,83.41,84.3,2221909285.0,,,,
85,2015-03-27,10.56,6.63,84.29,85.2,83.84,84.68,1806995833.0,,,,
86,2015-03-28,6.37,-1.18,,,,,,,,,
87,2015-03-29,5.27,-2.05,,,,,,,,,
88,2015-03-30,6.31,0.08,85.18,86.13,84.76,85.68,1718823199.0,,,,
89,2015-03-31,3.47,-2.3,85.36,86.1,84.69,85.06,1945419076.0,,,,
90,2015-04-01,4.8,-0.34,84.98,85.44,83.77,84.65,2108382822.0,,,,
91,2015-04-02,7.79,4.61,84.66,85.55,84.12,84.9,1705826876.0,,,,
92,2015-04-03,7.84,3.33,,,,,,,,,
93,2015-04-04,5.66,-0.39,,,,,,,,,
94,2015-04-05,3.89,-1.7,,,,,,,,,
95,2015-04-06,3.78,-1.31,84.53,86.04,84.22,85.51,1824717667.0,,,,
96,2015-04-07,5.25,1.54,85.58,86.25,84.91,85.19,1635467076.0,,,,
97,2015-04-08,9.73,7.29,85.28,86.22,84.79,85.63,1784549549.0,,,,
98,2015-04-09,22.57,21.03,85.6,86.32,84.91,85.8,1698700851.0,,,,
99,2015-04-10,19.22,16.76,85.97,86.56,85.36,86.09,1881696977.0,,,,
100,2015-04-11,5.48,-1.61,,,,,,,,,
101,2015-04-12,4.96,-0.25,,,,,,,,,
102,2015-04-13,12.71,8.85,86.04,86.75,85.44,85.76,1730097763.0,,,,
103,2015-04-14,4.99,0.27,85.71,86.38,85.01,85.83,1746332180.0,,,,
104,2015-04-15,5.2,0.24,86.09,86.86,85.46,86.11,2053613073.0,,,,
105,2015-04-16,10.27,8.04,86.03,86.7,85.4,86.07,1939609555.0,,,,
106,2015-04-17,10.28,5.86,85.46,85.94,84.46,85.07,2320958458.0,,,,
107,2015-04-18,5.19,-1.0,,,,,,,,,
108,2015-04-19,7.07,2.45,,,,,,,,,
109,2015-04-20,16.53,13.45,85.47,86.35,85.06,85.79,1854696660.0,,,,
110,2015-04-21,4.51,-1.01,86.09,86.68,85.29,85.85,2009732746.0,,,,
111,2015-04-22,3.82,-1.2,85.88,86.58,85.09,86.07,1958608264.0,,,,
112,2015-04-23,5.42,0.8,85.92,86.94,85.46,86.36,2196146393.0,,,,
113,2015-04-24,13.69,11.04,86.52,87.14,85.7,86.4,2034765118.0,,,,
114,2015-04-25,8.73,4.49,,,,,,,,,
115,2015-04-26,4.56,-0.35,,,,,,,,,
116,2015-04-27,7.36,2.64,86.63,87.14,85.47,85.87,2242583669.0,,,,
117,2015-04-28,3.13,-3.2,85.68,86.44,84.77,85.82,2146115587.0,,,,
118,2015-04-29,1.64,-5.37,85.4,86.32,84.47,85.33,2295378264.0,,,,
119,2015-04-30,4.37,-2.05,85.14,85.84,83.84,84.43,2412521455.0,,,,
120,2015-05-01,3.4,-3.69,84.82,85.88,84.32,85.44,1948609021.0,,,,
121,2015-05-02,2.03,-6.12,,,,,,,,,
122,2015-05-03,5.11,-1.34,,,,,,Texas,Garland,1.0,0.0
123,2015-05-04,6.1,0.2,85.64,86.46,85.15,85.74,1710562153.0,,,,
124,2015-05-05,3.49,-1.84,85.59,86.11,84.32,84.64,2119898430.0,,,,
125,2015-05-06,5.74,0.56,84.9,85.37,83.72,84.44,2145165870.0,,,,
126,2015-05-07,5.3,0.84,84.43,85.43,83.79,84.8,1983406016.0,,,,
127,2015-05-08,11.85,8.26,85.62,86.53,85.04,85.8,1984366927.0,,,,
128,2015-05-09,10.61,6.29,,,,,,,,,
129,2015-05-10,16.46,12.83,,,,,,,,,
130,2015-05-11,15.92,12.32,85.75,86.41,85.03,85.42,1750884938.0,,,,
131,2015-05-12,5.2,-0.37,84.91,85.61,84.22,85.17,1740923637.0,,,,
132,2015-05-13,5.7,0.69,85.33,86.0,84.59,85.08,1858865696.0,,,,
133,2015-05-14,6.36,0.82,85.52,86.31,84.94,85.94,1844554613.0,,,,
134,2015-05-15,7.86,3.25,86.05,86.61,85.37,86.08,1810275446.0,,,,
135,2015-05-16,4.82,-0.47,,,,,,,,,
136,2015-05-17,11.35,6.14,,,,,,,,,
137,2015-05-18,20.89,19.01,85.93,86.78,85.59,86.45,1596586882.0,,,,
138,2015-05-19,12.08,7.85,86.47,87.07,85.85,86.43,1803405333.0,,,,
139,2015-05-20,8.85,3.66,86.47,87.01,85.77,86.35,1779387353.0,,,,
140,2015-05-21,10.19,5.44,86.27,87.04,85.84,86.57,1731028134.0,,,,
141,2015-05-22,6.28,0.73,86.46,87.1,85.99,86.43,1476453584.0,,,,
142,2015-05-23,5.32,-0.75,,,,,,,,,
143,2015-05-24,3.03,-3.97,,,,,,,,,
144,2015-05-25,11.16,6.62,,,,,,,,,
145,2015-05-26,20.34,16.6,86.2,86.51,85.14,85.54,1932816264.0,,,,
146,2015-05-27,19.95,16.46,85.7,86.6,85.26,86.21,1811676145.0,,,,
147,2015-05-28,9.56,5.2,86.06,86.6,85.42,86.05,1606885725.0,,,,
148,2015-05-29,8.8,3.68,86.02,86.54,85.0,85.51,2302558172.0,,,,
149,2015-05-30,8.16,2.26,,,,,,,,,
150,2015-05-31,18.15,14.04,,,,,,,,,
151,2015-06-01,17.5,14.12,85.77,86.34,84.97,85.71,1787210450.0,,,,
152,2015-06-02,10.43,4.8,85.49,86.34,84.89,85.71,1705192335.0,,,,
153,2015-06-03,5.26,-0.41,85.88,86.5,85.21,85.84,1786368002.0,,,,
154,2015-06-04,6.3,0.71,85.37,86.05,84.73,85.16,1900924565.0,,,,
155,2015-06-05,9.48,4.31,85.02,85.71,84.35,85.15,1902213929.0,,,,
156,2015-06-06,4.24,-2.92,,,,,,,,,
157,2015-06-07,9.44,4.5,,,,,,,,,
158,2015-06-08,15.49,11.96,85.07,85.5,84.28,84.54,1742608528.0,,,,
159,2015-06-09,16.86,12.65,83.65,84.22,83.03,84.5,1783810829.0,,,,
160,2015-06-10,12.2,8.16,84.8,85.88,84.42,85.45,1976819703.0,,,,
161,2015-06-11,13.52,9.99,85.66,86.24,85.17,85.68,1745311496.0,,,,
162,2015-06-12,14.18,11.51,85.35,85.79,84.76,85.17,1499123443.0,,,,
163,2015-06-13,11.06,5.32,,,,,,,,,
164,2015-06-14,13.5,9.74,,,,,,,,,
165,2015-06-15,24.47,21.21,84.64,85.32,83.98,84.79,1743053400.0,,,,
166,2015-06-16,20.51,16.56,84.71,85.59,84.38,85.22,1512577323.0,,,,
167,2015-06-17,22.99,18.41,85.4,86.02,84.69,85.43,1766063796.0,South Carolina,Charleston,1.0,0.0
168,2015-06-18,23.05,21.59,85.66,86.8,85.37,86.33,2006634045.0,,,,
169,2015-06-19,14.5,9.6,86.23,86.8,85.62,86.02,2610064204.0,,,,
170,2015-06-20,13.65,9.34,,,,,,,,,
171,2015-06-21,13.19,7.86,,,,,,,,,
172,2015-06-22,14.49,9.3,86.54,87.07,85.89,86.4,1739598518.0,Tennessee,Knoxville,1.0,0.0
173,2015-06-23,17.82,12.93,86.53,87.0,85.83,86.38,1716915015.0,Georgia,Macon,1.0,0.0
174,2015-06-24,16.5,11.71,86.23,86.64,85.35,85.61,1915836310.0,North Carolina,Charlotte,1.0,0.0
175,2015-06-25,12.87,8.62,85.8,86.35,85.02,85.42,1802460902.0,,,,
176,2015-06-26,14.65,12.03,85.64,86.15,84.86,85.42,2873914446.0,South Carolina,Warrenville,1.0,0.0
177,2015-06-27,15.75,12.21,,,,,,,,,
178,2015-06-28,12.4,7.08,,,,,,,,,
179,2015-06-29,7.97,2.69,84.65,85.27,83.4,83.57,2127817074.0,,,,
180,2015-06-30,14.16,11.05,84.31,84.82,83.4,83.97,2199840263.0,,,,
181,2015-07-01,16.7,12.59,84.55,85.21,83.69,84.49,1996963893.0,,,,
182,2015-07-02,11.99,8.05,84.68,85.15,83.87,84.41,1648163393.0,,,,
183,2015-07-03,8.21,1.74,,,,,,,,,
184,2015-07-04,1.46,-6.17,,,,,,,,,
185,2015-07-05,6.9,1.8,,,,,,,,,
186,2015-07-06,13.13,10.38,83.56,84.65,83.14,84.0,1882477496.0,,,,
187,2015-07-07,13.08,8.91,84.15,84.94,82.87,84.61,2438655346.0,,,,
188,2015-07-08,19.97,16.22,84.0,84.51,82.89,83.18,2106567658.0,,,,
189,2015-07-09,11.42,7.61,84.15,84.66,83.21,83.48,2016346330.0,,,,
190,2015-07-10,6.89,1.47,84.35,85.07,83.7,84.52,1751697289.0,,,,
191,2015-07-11,4.97,-2.06,,,,,,,,,
192,2015-07-12,7.19,0.83,,,,,,,,,
193,2015-07-13,19.14,15.77,85.15,85.93,84.62,85.49,1791514794.0,,,,
194,2015-07-14,18.65,16.26,85.53,86.37,85.07,85.88,1854798409.0,,,,
195,2015-07-15,17.46,13.95,85.89,86.46,85.1,85.66,1998072367.0,Texas,Houston,1.0,0.0
196,2015-07-16,8.21,2.84,86.08,86.78,85.44,86.25,2052157912.0,Tennessee,Chattanooga,2.0,0.0
197,2015-07-17,8.86,3.38,86.64,87.07,85.7,86.46,2014205117.0,,,,
198,2015-07-18,23.86,21.89,,,,,,,,,
199,2015-07-19,13.3,7.31,,,,,,Illinois,Aurora,0.0,0.0
200,2015-07-20,8.8,2.33,86.44,87.12,85.77,86.48,1918146532.0,,,,
201,2015-07-21,12.12,8.09,86.41,86.99,85.48,86.05,2057498540.0,,,,
202,2015-07-22,8.09,1.95,85.92,86.92,85.4,86.22,2330943067.0,,,,
203,2015-07-23,11.37,6.25,86.34,86.96,85.18,85.73,2283994854.0,Louisiana,Lafayette,1.0,0.0
204,2015-07-24,8.78,2.4,85.71,86.23,84.2,84.7,2265242563.0,,,,
205,2015-07-25,7.33,0.48,,,,,,,,,
206,2015-07-26,7.23,1.1,,,,,,,,,
207,2015-07-27,7.32,1.93,84.34,85.08,83.49,84.19,2306209451.0,,,,
208,2015-07-28,8.96,3.59,84.62,85.66,83.82,85.19,2340876020.0,,,,
209,2015-07-29,8.84,3.53,85.27,86.41,84.61,85.89,2315571449.0,,,,
210,2015-07-30,17.46,13.94,85.67,86.63,84.86,86.01,1984380147.0,,,,
211,2015-07-31,13.1,7.84,86.34,86.97,85.53,86.09,2051524948.0,,,,
212,2015-08-01,15.13,8.49,,,,,,Louisiana,New Orleans,1.0,0.0
213,2015-08-02,11.13,5.04,,,,,,New Mexico,Las Cruces,2.0,0.0
214,2015-08-03,11.12,5.45,86.13,86.69,85.14,85.95,1958179217.0,,,,
215,2015-08-04,9.83,5.15,85.99,86.96,85.3,86.08,2081871515.0,,,,
216,2015-08-05,7.97,2.75,86.8,87.73,85.94,86.69,2296546993.0,,,,
217,2015-08-06,10.03,6.24,86.76,87.33,85.13,86.0,2384402131.0,,,,
218,2015-08-07,10.62,5.89,85.9,86.54,84.85,85.77,1939667910.0,,,,
219,2015-08-08,7.41,0.18,,,,,,,,,
220,2015-08-09,8.49,1.75,,,,,,,,,
221,2015-08-10,16.35,12.8,86.35,87.32,85.83,86.72,1850221812.0,,,,
222,2015-08-11,18.64,15.49,86.21,86.96,85.4,86.21,2051896129.0,,,,
223,2015-08-12,6.56,0.06,85.64,86.61,84.51,86.21,2435678915.0,,,,
224,2015-08-13,10.41,4.49,86.16,87.06,85.42,86.2,1810545278.0,,,,
225,2015-08-14,10.96,5.34,86.13,86.97,85.64,86.57,1596056286.0,New Mexico,Las Cruces,0.0,0.0
226,2015-08-15,16.94,11.39,,,,,,,,,
227,2015-08-16,10.25,4.07,,,,,,,,,
228,2015-08-17,14.04,9.62,86.27,87.35,85.74,87.12,1535158393.0,,,,
229,2015-08-18,11.74,8.83,86.98,87.65,86.41,86.94,1645107696.0,,,,
230,2015-08-19,12.47,10.13,86.57,87.3,85.67,86.4,2028540956.0,,,,
231,2015-08-20,25.72,24.01,85.76,86.35,84.34,84.54,2429410545.0,,,,
232,2015-08-21,11.03,4.92,83.72,84.4,81.81,82.04,3346661901.0,,,,
233,2015-08-22,4.65,-2.18,,,,,,,,,
234,2015-08-23,12.45,6.58,,,,,,,,,
235,2015-08-24,6.13,0.08,77.74,81.67,74.84,78.76,4607945196.0,,,,
236,2015-08-25,5.41,-0.37,81.06,81.6,77.75,77.85,3513983554.0,,,,
237,2015-08-26,4.09,-2.01,79.68,80.9,78.01,80.57,3491336054.0,,,,
238,2015-08-27,3.65,-1.79,81.55,83.01,80.65,82.47,3089606345.0,,,,
239,2015-08-28,2.48,-3.81,82.16,83.11,81.49,82.52,2381993919.0,,,,
240,2015-08-29,2.37,-4.2,,,,,,,,,
241,2015-08-30,3.17,-3.13,,,,,,,,,
242,2015-08-31,5.45,-0.38,82.14,82.93,81.05,81.68,2260926252.0,,,,
243,2015-09-01,0.59,-6.07,80.03,81.06,78.92,79.48,2792421756.0,,,,
244,2015-09-02,3.1,-1.62,80.49,81.28,79.4,80.98,2305867397.0,,,,
245,2015-09-03,7.36,3.57,81.29,82.24,80.56,81.09,2049713778.0,,,,
246,2015-09-04,12.04,8.77,80.05,80.85,79.33,79.98,2061957998.0,Washington,Pullman,1.0,0.0
247,2015-09-05,3.92,-3.5,,,,,,,,,
248,2015-09-06,0.65,-7.74,,,,,,,,,
249,2015-09-07,2.34,-5.15,,,,,,,,,
250,2015-09-08,12.16,7.56,81.29,82.27,80.59,82.02,2151195888.0,,,,
251,2015-09-09,5.44,0.97,82.72,83.24,80.75,80.98,2151465625.0,,,,
252,2015-09-10,15.56,14.27,80.84,82.03,80.35,81.27,2109253763.0,,,,
253,2015-09-11,5.23,0.33,80.92,81.94,80.4,81.72,1816100370.0,,,,
254,2015-09-12,3.57,-2.12,,,,,,,,,
255,2015-09-13,5.5,-0.84,,,,,,Texas,Bullard,0.0,0.0
256,2015-09-14,3.46,-3.21,81.75,82.05,80.78,81.33,1687559288.0,,,,
257,2015-09-15,2.39,-4.08,81.6,82.73,81.0,82.35,1912476432.0,,,,
258,2015-09-16,3.12,-2.78,82.41,83.36,81.86,82.99,1990302545.0,,,,
259,2015-09-17,9.98,6.17,83.0,84.39,82.29,83.03,2430994277.0,,,,
260,2015-09-18,7.75,3.38,82.06,83.0,81.21,81.74,3962050449.0,,,,
261,2015-09-19,3.46,-4.05,,,,,,,,,
262,2015-09-20,3.27,-3.71,,,,,,,,,
263,2015-09-21,4.22,-2.03,82.15,82.95,81.26,82.01,1936800494.0,,,,
264,2015-09-22,0.98,-5.83,81.01,81.69,80.09,80.91,2267784374.0,,,,
265,2015-09-23,0.92,-5.96,80.96,81.66,80.07,80.75,1744294943.0,,,,
266,2015-09-24,2.25,-3.7,80.14,80.96,79.13,80.35,2338348904.0,,,,
267,2015-09-25,4.9,-0.1,81.06,81.64,79.44,80.08,2246582165.0,,,,
268,2015-09-26,2.19,-5.27,,,,,,,,,
269,2015-09-27,4.21,-2.08,,,,,,,,,
270,2015-09-28,3.73,-1.76,79.6,80.03,77.27,77.74,2578488431.0,,,,
271,2015-09-29,3.15,-0.98,77.81,78.89,76.83,77.81,2471042581.0,,,,
272,2015-09-30,4.91,0.06,78.76,79.84,78.04,79.36,2567577737.0,California,Thousand Oaks,1.0,0.0
273,2015-10-01,7.64,4.07,79.47,80.29,78.21,79.57,2360225358.0,Oregon,Roseburg,1.0,1.0
274,2015-10-02,9.73,6.64,78.59,80.86,77.92,80.77,2605650654.0,,,,
275,2015-10-03,4.38,-1.6,,,,,,,,,
276,2015-10-04,4.72,-0.86,,,,,,,,,
277,2015-10-05,4.46,-1.46,81.34,82.6,80.68,82.06,2397650459.0,,,,
278,2015-10-06,1.66,-4.96,81.84,82.57,80.54,81.39,2318639417.0,,,,
279,2015-10-07,2.16,-4.58,81.78,82.79,80.75,82.09,2466930909.0,,,,
280,2015-10-08,3.53,-2.51,81.89,83.31,81.14,82.91,2163593126.0,,,,
281,2015-10-09,10.24,6.67,82.94,83.76,82.16,83.05,2025165279.0,,,,
282,2015-10-10,5.33,-2.35,,,,,,,,,
283,2015-10-11,5.41,-2.95,,,,,,,,,
284,2015-10-12,1.93,-5.61,83.13,83.9,82.39,83.31,1516724515.0,,,,
285,2015-10-13,1.3,-6.58,82.86,83.81,82.13,82.62,1850016001.0,,,,
286,2015-10-14,1.9,-5.35,82.69,83.41,81.47,82.06,2225923611.0,,,,
287,2015-10-15,4.09,-1.55,82.28,83.48,81.51,83.17,2277999917.0,,,,
288,2015-10-16,6.5,1.23,83.46,84.07,82.51,83.46,2220662529.0,,,,
289,2015-10-17,1.83,-5.18,,,,,,,,,
290,2015-10-18,6.42,1.69,,,,,,,,,
291,2015-10-19,3.75,-2.63,82.92,83.87,82.26,83.32,2022466590.0,,,,
292,2015-10-20,0.96,-5.28,83.19,84.02,82.35,83.15,2030872298.0,,,,
293,2015-10-21,2.06,-4.29,83.45,84.05,81.88,82.56,2187954863.0,,,,
294,2015-10-22,5.3,0.72,82.97,84.53,82.06,83.64,2796132507.0,,,,
295,2015-10-23,14.26,10.93,84.48,85.28,83.14,84.24,2605974506.0,,,,
296,2015-10-24,5.73,-1.13,,,,,,,,,
297,2015-10-25,4.77,-1.47,,,,,,,,,
298,2015-10-26,4.82,-0.95,84.25,85.18,83.44,84.4,2031191918.0,,,,
299,2015-10-27,1.52,-4.07,84.04,85.0,83.13,84.2,2271776935.0,,,,
300,2015-10-28,7.98,4.64,84.3,85.57,83.27,85.04,2506937591.0,,,,
301,2015-10-29,5.39,-0.06,84.89,86.01,84.07,85.19,2141406451.0,,,,
302,2015-10-30,5.92,1.09,85.32,86.14,84.36,85.07,2492577256.0,,,,
303,2015-10-31,9.48,3.28,,,,,,,,,
304,2015-11-01,7.43,0.79,,,,,,Mississippi,Tupelo,1.0,0.0
305,2015-11-02,10.35,4.38,85.18,86.46,84.59,86.04,2160545896.0,,,,
306,2015-11-03,2.96,-4.84,85.87,86.81,85.04,86.07,2267808166.0,,,,
307,2015-11-04,5.32,-0.9,86.18,86.86,85.08,85.86,2347469142.0,California,Merced,1.0,0.0
308,2015-11-05,9.84,6.18,85.85,86.71,84.96,85.91,2264304701.0,,,,
309,2015-11-06,8.06,2.69,85.71,86.54,84.47,85.62,2532518944.0,California,Ingelwood,1.0,0.0
310,2015-11-07,2.36,-5.03,,,,,,,,,
311,2015-11-08,4.07,-3.54,,,,,,,,,
312,2015-11-09,4.41,-1.61,85.18,85.76,83.77,84.57,2293718171.0,,,,
313,2015-11-10,4.25,-1.16,84.37,85.41,83.78,84.93,2206900946.0,,,,
314,2015-11-11,5.83,1.33,85.14,85.73,84.13,84.69,2076544370.0,,,,
315,2015-11-12,6.26,1.69,84.15,84.89,83.14,83.45,2384339908.0,,,,
316,2015-11-13,4.41,-1.71,83.24,84.01,82.0,82.56,2567131782.0,,,,
317,2015-11-14,1.49,-6.86,,,,,,,,,
318,2015-11-15,5.05,-1.7,,,,,,Connecticut,Meriden,1.0,0.0
319,2015-11-16,6.65,2.13,82.33,83.79,81.74,83.56,2306909525.0,,,,
320,2015-11-17,13.33,9.49,83.69,84.61,82.76,83.5,2535343581.0,,,,
321,2015-11-18,18.22,14.28,83.74,85.09,83.14,84.83,2331506397.0,,,,
322,2015-11-19,11.61,6.61,84.76,85.52,84.01,84.73,2107648426.0,Virginia,Falls Church,1.0,0.0
323,2015-11-20,8.54,3.96,85.19,85.95,84.3,85.04,2310068558.0,,,,
324,2015-11-21,18.56,14.78,,,,,,,,,
325,2015-11-22,12.94,6.39,,,,,,,,,
326,2015-11-23,3.73,-4.04,85.04,85.95,84.38,85.08,1989297068.0,Minnesota,Minneapolis,1.0,0.0
327,2015-11-24,4.77,-2.38,84.56,85.56,83.85,85.05,2217004900.0,,,,
328,2015-11-25,0.87,-6.14,85.14,85.81,84.59,85.22,1564587019.0,,,,
329,2015-11-26,1.1,-6.45,,,,,,,,,
330,2015-11-27,3.56,-3.01,85.24,85.83,84.7,85.36,791154818.0,Colorado,Colorado Springs,1.0,0.0
331,2015-11-28,6.5,0.58,,,,,,,,,
332,2015-11-29,6.63,1.95,,,,,,,,,
333,2015-11-30,7.6,2.14,85.47,85.99,84.43,84.89,2346747505.0,,,,
334,2015-12-01,7.58,1.72,85.25,86.26,84.61,85.79,2125662040.0,,,,
335,2015-12-02,8.36,4.48,85.69,86.29,84.47,84.8,2207882695.0,California,San Bernardino,1.0,0.0
336,2015-12-03,6.42,0.83,84.98,85.44,82.95,83.5,2702748793.0,,,,
337,2015-12-04,1.86,-5.09,83.66,85.38,83.2,85.02,2613646813.0,,,,
338,2015-12-05,1.88,-6.36,,,,,,New York,New York City,1.0,0.0
339,2015-12-06,4.26,-3.36,,,,,,,,,
340,2015-12-07,5.9,-0.62,84.69,85.28,83.53,84.39,2280974981.0,,,,
341,2015-12-08,0.36,-7.04,83.68,84.86,82.91,84.1,2386487019.0,North Dakota,Grand Forks,1.0,0.0
342,2015-12-09,1.13,-5.87,83.79,84.92,82.61,83.31,2526096469.0,,,,
343,2015-12-10,4.41,-1.64,83.39,84.37,82.69,83.48,2085765987.0,,,,
344,2015-12-11,3.62,-2.49,82.49,83.32,81.45,81.97,2548793349.0,California,Coachella,1.0,0.0
345,2015-12-12,3.82,-3.43,,,,,,,,,
346,2015-12-13,7.66,1.23,,,,,,,,,
347,2015-12-14,11.4,5.86,82.04,82.95,80.91,82.24,2708273621.0,,,,
348,2015-12-15,9.97,3.18,82.86,83.97,82.17,83.04,2567468526.0,,,,
349,2015-12-16,6.4,0.92,83.54,84.67,82.55,84.2,2629637604.0,,,,
350,2015-12-17,11.16,6.85,84.35,84.76,82.7,82.98,2392717817.0,,,,
351,2015-12-18,14.06,9.45,82.63,83.22,81.39,81.71,4124454411.0,,,,
352,2015-12-19,10.55,3.41,,,,,,,,,
353,2015-12-20,10.5,3.86,,,,,,,,,
354,2015-12-21,14.84,9.9,82.26,82.95,81.27,82.23,2065200787.0,,,,
355,2015-12-22,16.03,12.55,82.56,83.37,81.71,82.84,1938470191.0,,,,
356,2015-12-23,22.95,20.76,83.3,84.17,82.68,83.81,1961144932.0,,,,
357,2015-12-24,22.03,16.51,83.73,84.23,83.28,83.7,736263173.0,,,,
358,2015-12-25,8.12,1.5,,,,,,,,,
359,2015-12-26,17.04,12.91,,,,,,California,Tracy,1.0,0.0
360,2015-12-27,31.05,28.2,,,,,,,,,
361,2015-12-28,29.02,24.51,83.43,84.03,82.78,83.68,1345470298.0,,,,
362,2015-12-29,32.3,26.3,84.16,85.03,83.74,84.55,1381510021.0,,,,
363,2015-12-30,30.44,26.17,84.38,84.85,83.71,83.97,1196763384.0,,,,
364,2015-12-31,8.45,0.87,83.64,84.27,82.94,83.21,1463928964.0,,,,
